DT. INSERIMENTO;COGNOME;NOME;SESSO;ETA;INDIRIZZO;CAP;CITTA;PROVINCIA;TELEFONO;EMAIL;PRIVACY;TRATTAMENTO DATI;Firma
2018-07-03 07:42:23 +0200;Kennermann;Publicité;Female;31 - 50;0150 Harper Hill;;Bulung’ur;Monza-Brianza;1966411266;tkennermann0@dyndns.org;Consento;Non Consento;50cd42bc6f68af9911e6d4593cda605e5a5fce2f.jpg
2018-03-05 16:41:36 +0200;Beiderbecke;Joséphine;Female;31 - 50;98 Sugar Terrace;;Cijoho;Monza-Brianza;8023778976;pbeiderbecke1@slideshare.net;Consento;Non Consento;1820e39fa1cf71444dc638ff748cc5724e704668.jpg
2018-05-10 19:48:32 +0200;Cahen;Célia;Female;31 - 50;81 Gerald Center;950-3345;Nagato;Monza-Brianza;1382422622;tcahen2@sciencedaily.com;Consento;Non Consento;05a63736d18200dfb40d2f060f9aa7d6db710bea.jpg
2018-05-12 03:13:06 +0200;Ramsted;Yóu;Female;31 - 50;13 Sloan Park;33190;Yang Chum Noi;Lecco;8273209054;jramsted3@comcast.net;Consento;Consento;9eebf311ce2028888c66ea5a664d88ac84e2c0ec.jpg
2018-05-30 17:49:51 +0200;Oxborough;Yè;Female;> 70;4273 Waywood Street;150009;Tunja;Milano;6942948838;doxborough4@odnoklassniki.ru;Consento;Consento;8eaf793a76d51cc29bfbd2920a9e6203c484ac6d.jpg
2018-07-18 14:21:30 +0200;Riddoch;Méline;Male;31 - 50;95 Lighthouse Bay Hill;87-330;Jabłonowo Pomorskie;Milano;5553240151;rriddoch5@delicious.com;Consento;Consento;794167e54baeba889f8e729fd171e336e663ae00.jpg
2017-12-03 22:30:29 +0200;Saltsberg;Åsa;Male;"";1449 Menomonie Court;;Taouima;Monza-Brianza;6354157613;nsaltsberg6@cargocollective.com;Non Consento;Non Consento;71bc005501616488fe40894a53cb8d1c954c2205.jpg
2018-06-01 09:42:02 +0200;Avard;Audréanne;Female;"";7 Kipling Avenue;2350-413;Torres Novas;Milano;7633356505;pavard7@nifty.com;Consento;Consento;c3525c7c93db006a66ad075bab7928f5694a37d7.jpg
2018-03-08 09:14:46 +0200;Ryall;Léandre;Female;< 18;038 Heath Center;;Pingshui;Monza-Brianza;1656676365;tryall8@wikipedia.org;Consento;Consento;3817cc31c64c1c602f802bb98ba8f8daa2154f8a.jpg
2017-09-25 17:11:21 +0200;Futty;Eloïse;Male;> 70;5323 Blackbird Park;;Bojong;Monza-Brianza;7536024995;ffutty9@nytimes.com;Non Consento;Non Consento;5d2555f872f15b8a78e91b03be11de4276d11308.jpg
2018-04-18 08:32:13 +0200;Franzini;Rébecca;Male;> 70;4 Sullivan Hill;;Wanlongshan;Lecco;8308139947;hfranzinia@oaic.gov.au;Consento;Non Consento;ad5c82c3c6500e1fba304ac246d95d7762c3366f.jpg
2017-08-29 23:01:20 +0200;Hancox;Véronique;Male;< 18;80 Carpenter Lane;73295 CEDEX;La Motte-Servolex;Monza-Brianza;7019418384;chancoxb@hexun.com;Non Consento;Non Consento;c60cde4fdbceca69d0133c9f29d9fe0d5cbd04b8.jpg
2018-01-18 08:59:35 +0200;Slite;Marie-françoise;Male;31 - 50;2958 Reinke Lane;;Ea T’ling;Lecco;5192881406;kslitec@stanford.edu;Non Consento;Consento;66d738cbd524db39b5f66320ed70e9b8e999ff71.jpg
2018-07-12 00:58:36 +0200;Winder;Mahélie;Female;51 - 70;45144 Larry Alley;4100;Sangat;Lecco;5727166635;gwinderd@umn.edu;Consento;Non Consento;89fdfde4436855bd0d424c4bad9bec85599e6672.jpg
2018-02-07 16:40:55 +0200;Joyson;Magdalène;Male;51 - 70;85 Hanson Park;8138;Río Colorado;Monza-Brianza;7085730573;njoysone@apache.org;Consento;Non Consento;577e0b9a1260a8729ce5a398a7e632ac440ae52d.jpg
2017-09-18 05:22:20 +0200;Jacson;Mylène;Female;"";24 Farragut Hill;;Suqu;Lecco;5872132155;sjacsonf@discuz.net;Non Consento;Non Consento;b2d1a260fce2ca3f0faa609237533071a2528e3e.jpg
2017-10-04 21:03:47 +0200;Tull;Danièle;Male;< 18;0602 Darwin Hill;;Sungaibengkal;Milano;6375864345;etullg@cbc.ca;Non Consento;Consento;9c7d9ce9ab70d2285e1ba8de4d68afd8256e2ece.jpg
2017-09-24 22:18:56 +0200;Mattinson;André;Male;> 70;74275 Claremont Way;;Mýki;Lecco;3233585483;amattinsonh@yolasite.com;Consento;Non Consento;b7308693b0de9b92ed3a54046c6f330ba65725fa.jpg
2018-04-16 09:58:37 +0200;Meriot;Gaëlle;Male;< 18;47 Northwestern Place;971 05;Luleå;Milano;9945370156;cmerioti@sitemeter.com;Consento;Consento;dc17c49946d896890bb2f532bd6ea07c70d341a1.jpg
2018-04-02 12:18:43 +0200;Iskower;Angélique;Female;"";9582 Springview Junction;;Sakaraha;Lecco;7589650397;piskowerj@csmonitor.com;Non Consento;Non Consento;969957c3cc3066b958433d18cfc4fac5c214e6ed.jpg
2018-01-05 09:13:44 +0200;Fipp;Dù;Female;< 18;79 Kingsford Center;;Qazax;Monza-Brianza;4305649725;afippk@sohu.com;Non Consento;Consento;ebc81d83b611fbe44f92b6596f68b87fb07381a2.jpg
2018-02-24 05:33:31 +0200;Soutter;Liè;Male;31 - 50;0169 Sheridan Center;3480;Barranqueras;Milano;9631196254;wsoutterl@amazon.co.jp;Non Consento;Non Consento;3019b63b3797bc5a226f27e9cccec759f5bb7963.jpg
2018-07-05 12:46:01 +0200;Brackley;Léana;Male;"";7382 Eastlawn Hill;;Sukasirna;Milano;1116310217;jbrackleym@google.cn;Consento;Consento;6b570faf4084e0e4f0a4f67545ac1cae0ced23e5.jpg
2018-07-25 03:35:43 +0200;Lerway;Lyséa;Female;> 70;39 Everett Plaza;20275;Žrnovo;Milano;6252172636;alerwayn@senate.gov;Consento;Consento;bdcc2d685bfcdbcfc6c9240227a4000b2a2489ee.jpg
2018-07-22 22:16:06 +0200;Dubery;Gösta;Male;31 - 50;64 Northview Way;;Randegan;Lecco;8898399953;dduberyo@usnews.com;Non Consento;Non Consento;78c77427e24fc8be1601da701c30adf5d99071b2.jpg
2018-01-23 13:13:30 +0200;Chirm;Ophélie;Male;"";34902 Eagle Crest Road;35156;San Isidro;Monza-Brianza;3368278798;gchirmp@cargocollective.com;Non Consento;Consento;a75fa185dd4001c3b0b1a31c56b222af3b9f508f.jpg
2018-05-29 15:25:29 +0200;Lerner;Régine;Male;"";4 Norway Maple Parkway;;Kertai;Monza-Brianza;5947541158;dlernerq@nature.com;Non Consento;Consento;65bda39ae6a268654955b0aa7a169a4026e76c72.jpg
2018-05-15 12:53:52 +0200;Brettell;Crééz;Female;> 70;272 Porter Way;;Sloboda;Milano;7501666703;nbrettellr@odnoklassniki.ru;Non Consento;Consento;5e2663a5b1e3e258d1a7290380bacfb399e6a144.jpg
2017-09-17 22:34:33 +0200;Simnel;Vénus;Male;51 - 70;8191 Sutherland Point;;Bečmen;Lecco;1078624184;nsimnels@naver.com;Consento;Consento;7e824c410a9f8b33421ee1270b34ad92f5705cd2.jpg
2018-07-05 02:20:06 +0200;Gillis;Maëlla;Male;< 18;76 Valley Edge Crossing;40596;Lexington;Milano;6063948372;mgillist@bigcartel.com;Consento;Non Consento;b4f3e6b57a2115f0df13cb7ad1534fd83ea8127f.jpg
2018-06-27 22:25:41 +0200;Parmer;Réservés;Male;31 - 50;1656 Gina Court;4513;Valle Grande;Monza-Brianza;7389679755;lparmeru@nps.gov;Non Consento;Non Consento;dc8e2637eb8c2b6cb7d41afea2d7cf5cd78ae3bf.jpg
2017-10-18 09:02:28 +0200;Arnault;Maïly;Male;31 - 50;87 Rigney Hill;;El Aïoun;Monza-Brianza;6495224746;rarnaultv@forbes.com;Non Consento;Consento;7f87793e4c6e91f33d15c15167e9ebb4937c907a.jpg
2018-06-26 19:48:51 +0200;Figliovanni;Åslög;Male;< 18;31678 Monica Place;;Anin;Lecco;9242980098;pfigliovanniw@blog.com;Consento;Non Consento;8cfc9b1c50317b8f9aae45938e1a695412192d6c.jpg
2017-10-24 10:03:07 +0200;Wyldish;Méng;Female;31 - 50;944 Roxbury Terrace;;Banja Luka;Monza-Brianza;3917888613;mwyldishx@boston.com;Consento;Non Consento;bc5322250e7de8e728ecb2b214a62eba23517274.jpg
2017-10-23 03:40:31 +0200;Taysbil;Göran;Male;"";82533 Vera Parkway;99460-000;Colorado;Lecco;7636251743;ataysbily@tiny.cc;Non Consento;Non Consento;f4fbbf768085b6381f35b9ebbe5a87a3fd76f516.jpg
2017-11-07 20:53:46 +0200;Bensley;Mélinda;Male;51 - 70;642 Schlimgen Point;;Ampahana;Lecco;7616097961;kbensleyz@lycos.com;Non Consento;Non Consento;42ad5f87f25fe32f53857b338c16232dcc737e39.jpg
2017-12-22 05:59:48 +0200;Dorgan;Inès;Female;"";8395 Maryland Center;;Doug An;Milano;2251365406;tdorgan10@slideshare.net;Consento;Consento;e766e8b4955e2f7cc320f310939353f040684371.jpg
2017-11-22 06:04:04 +0200;Orteau;Andréa;Female;"";7505 Sachs Terrace;;Xinshao;Monza-Brianza;4376435076;porteau11@upenn.edu;Consento;Non Consento;8bac00a85f50a896aee491a257195cf73a5decf8.jpg
2018-05-18 15:58:50 +0200;Roback;Yáo;Female;> 70;721 Northfield Pass;671 38;Višňové;Lecco;6285082977;proback12@nba.com;Consento;Consento;3e8bfdb30419eb9230ad017428ab846149c7897c.jpg
2018-06-07 02:34:28 +0200;Do Rosario;Séréna;Male;31 - 50;92 Surrey Trail;29330-000;Itapemirim;Monza-Brianza;9893483444;ldorosario13@yelp.com;Consento;Non Consento;46c56b81b7091afeffe7a444b53cc2761bf3962a.jpg
2017-09-17 01:02:19 +0200;Checchi;Östen;Female;< 18;62 Dorton Drive;67080 CEDEX;Strasbourg;Milano;6232352202;schecchi14@princeton.edu;Non Consento;Non Consento;a0151d4030018c8b79f357d186918d92a6fd4bdf.jpg
2018-02-11 20:50:34 +0200;Smoth;Lén;Female;< 18;7629 Southridge Street;658640;Romanovo;Monza-Brianza;6494254375;asmoth15@time.com;Non Consento;Non Consento;bb812c55b09cbccef3e72efb6c866bbcab1f7c40.jpg
2017-11-08 13:29:44 +0200;Craythorn;Kallisté;Male;< 18;15299 Delladonna Way;;Hengshui;Lecco;6699148491;ncraythorn16@illinois.edu;Consento;Non Consento;3f8635e965ecbe31d80813c7cae1d2f6e4309a88.jpg
2018-03-08 09:26:21 +0200;Fagge;Bécassine;Male;> 70;3 Kinsman Junction;9614;Rominimbang;Lecco;1081962612;rfagge17@cdc.gov;Consento;Non Consento;2b8be68bccc1e04d72f3713caf17a8d04fa79bf4.jpg
2018-08-05 08:14:33 +0200;Kelf;Irène;Male;> 70;7 Clarendon Drive;29783;Francisco Sarabia;Monza-Brianza;9965685257;wkelf18@pinterest.com;Consento;Non Consento;5e05594dabd0011126198d06697d69bd545b6ac5.jpg
2017-11-03 22:23:42 +0200;Mordey;Personnalisée;Male;51 - 70;916 Fieldstone Avenue;;Caujul;Monza-Brianza;7469537576;omordey19@sciencedaily.com;Consento;Consento;f46b422bf462a96c5d81a674655ac1ad66517d72.jpg
2018-03-20 21:54:02 +0200;Stienham;Loïca;Female;18 - 30;2970 Nelson Park;;Pakemitan;Lecco;8548418554;mstienham1a@engadget.com;Non Consento;Consento;d4876cdfcf42be94462b6a8cf9abd7bc59062355.jpg
2018-02-06 18:29:10 +0200;Ollcott;Personnalisée;Male;> 70;5897 Shasta Crossing;30104 CEDEX;Alès;Lecco;4425912687;mollcott1b@google.nl;Consento;Consento;ebbf8b2845b9b8bbd4f133d5fe23fded8c8bba80.jpg
2017-08-18 21:32:09 +0200;Shillaker;Jú;Male;"";6 Beilfuss Trail;;Xingou;Monza-Brianza;5225197954;lshillaker1c@trellian.com;Non Consento;Non Consento;cf88bffbc30d390bddb937a2ed2860db7d5e2fbb.jpg
2017-08-28 00:21:50 +0200;Hugonnet;Miléna;Male;18 - 30;616 Anthes Drive;;Chucatamani;Monza-Brianza;6499057619;shugonnet1d@latimes.com;Non Consento;Non Consento;4c8a4860c414810898481cea77630afc304d40ba.jpg
2018-06-29 19:50:11 +0200;Cellone;Mårten;Male;18 - 30;38458 Sheridan Point;2865-493;Redondos;Lecco;5935154545;pcellone1e@infoseek.co.jp;Non Consento;Non Consento;6936c1c5c6bdb60476b1b0dfd0e712960ede6267.jpg
2018-04-06 09:23:59 +0200;Rushbury;Örjan;Male;31 - 50;9454 Springs Road;2207;Halayhay;Lecco;5033746527;jrushbury1f@ucla.edu;Consento;Non Consento;856ba60bf911a0b54de8d79a6aadf1becbba9d28.jpg
2017-09-24 23:56:35 +0200;Boother;Médiamass;Male;51 - 70;880 Londonderry Terrace;507 10;Borås;Lecco;3259858461;lboother1g@meetup.com;Non Consento;Consento;d3c5f3e068c51b60f1783f08d7fdd2571de0bf8a.jpg
2018-02-04 22:55:53 +0200;Pomfrett;Méline;Female;51 - 70;3 Arizona Avenue;;Manna;Monza-Brianza;1606697266;bpomfrett1h@imdb.com;Consento;Consento;267346d250c5d92fd48fa9e233f402d6f49f8ec6.jpg
2018-08-01 09:57:56 +0200;McNeigh;Almérinda;Male;18 - 30;06 Petterle Crossing;;Mengjia;Monza-Brianza;5576719255;dmcneigh1i@businessinsider.com;Consento;Consento;7471f181b82cf93cdf9b2a90713b003de9b878de.jpg
2018-08-12 09:24:11 +0200;Aldin;Audréanne;Male;> 70;0 Delladonna Point;;Ritaebang;Lecco;4005419563;maldin1j@rambler.ru;Non Consento;Consento;0c0dbb64d764c76cba8e3919ab53f7e286eb5ec7.jpg
2017-10-31 16:42:15 +0200;Kerrey;Táng;Female;< 18;64328 Drewry Road;93401;Taivalkoski;Lecco;6767158377;nkerrey1k@yale.edu;Non Consento;Non Consento;2b6c616ce63461895de1ef46b558127fbc7f0020.jpg
2018-02-07 02:58:47 +0200;Edon;Josée;Female;< 18;0718 Hansons Road;456659;Roza;Monza-Brianza;8913386181;sedon1l@cyberchimps.com;Consento;Consento;6f0ce7e26ea65f7948267a7f0972bcde76599535.jpg
2018-07-03 03:46:59 +0200;Raffon;Véronique;Female;51 - 70;5 Moose Crossing;;Apongo;Monza-Brianza;7103437003;nraffon1m@engadget.com;Non Consento;Non Consento;2691d64f713fb139b8cd20be6b07f081996b7d55.jpg
2018-05-07 02:30:40 +0200;Larrosa;Méng;Female;51 - 70;835 Dapin Trail;;Rongcheng;Monza-Brianza;3929807014;plarrosa1n@ezinearticles.com;Non Consento;Consento;5aa3d72bf2f8eb62c4615c2b6b1cf945d3f8db1d.jpg
2018-07-12 08:09:54 +0200;Garrettson;Réjane;Male;51 - 70;90924 Kim Trail;;Savannakhét;Lecco;4159948680;mgarrettson1o@walmart.com;Consento;Consento;95124309306a9ae7a08ce9229c706b7d6f484d30.jpg
2017-10-30 11:27:57 +0200;Durtnel;Pò;Female;51 - 70;32 Eliot Trail;;Banjarmasin;Milano;3492692697;gdurtnel1p@nyu.edu;Consento;Consento;692298bfd02287b0aadeee2a0b73521ae3662ad1.jpg
2017-11-30 19:38:17 +0200;Dunstall;Réjane;Male;> 70;3644 Helena Way;4820-781;Castanheira;Lecco;4149160557;mdunstall1q@indiegogo.com;Consento;Consento;c1e476990e537f570e08341e236ba4fdc5c23e69.jpg
2017-11-29 07:12:32 +0200;Bruhke;Publicité;Male;< 18;66778 Vernon Trail;;Valle de Guanape;Milano;2116942981;mbruhke1r@php.net;Non Consento;Non Consento;075dd20cf9511490ec165f3201d80359caf353bf.jpg
2017-12-25 22:14:01 +0200;Mattei;Noëlla;Female;18 - 30;528 Warner Trail;;Hetan;Milano;7777072886;jmattei1s@dailymotion.com;Consento;Consento;76718acaf1aac16a0c8fddf87c5f2f5fd8c5ae27.jpg
2018-01-07 09:47:46 +0200;Ridhole;Eliès;Female;< 18;92 Artisan Center;;Suhe;Milano;4441523569;gridhole1t@aboutads.info;Consento;Non Consento;8ddea806b9befac7292c03d71a2104a54a4f46f4.jpg
2018-06-17 11:36:19 +0200;Kimbley;Maëlle;Male;> 70;59241 School Terrace;;Lubāna;Lecco;4171670865;skimbley1u@japanpost.jp;Non Consento;Consento;8c727c4dd57855a0479e9bb4a2a056202f76ceba.jpg
2018-02-28 12:23:11 +0200;Horrigan;Cléa;Male;31 - 50;7 Blackbird Hill;37464-000;Itanhandu;Milano;8735414044;ahorrigan1v@mtv.com;Non Consento;Consento;8b74980d7188a18e839c0a77d5b5fae4d3b22487.jpg
2017-09-26 08:18:25 +0200;Michurin;Naéva;Male;51 - 70;426 Talisman Parkway;671 53;Jevišovice;Monza-Brianza;6164139048;hmichurin1w@walmart.com;Consento;Consento;c4b44b068d6c8f02dbfcd204d7bd0725c4691f8e.jpg
2018-03-13 08:28:19 +0200;July;Vérane;Male;< 18;384 Lotheville Circle;;Thị Trấn Tân Yên;Lecco;7981399598;djuly1x@whitehouse.gov;Consento;Non Consento;5f943172bb8108b7bb84e2dd78ff74b10cd909de.jpg
2018-03-22 03:18:32 +0200;Iddy;Zhì;Male;> 70;96107 Haas Street;;Juegang;Milano;9479236799;diddy1y@hubpages.com;Consento;Non Consento;a6b914049f2740be25a4ecc1c0cc9af041dbb031.jpg
2018-05-17 17:30:45 +0200;Audley;Pélagie;Male;51 - 70;2 Florence Alley;3586;Las Toscas;Milano;9167394622;caudley1z@utexas.edu;Non Consento;Non Consento;5cb1f5a1cb66e8baf2d39ca1c80b430cd44f3370.jpg
2017-10-21 07:23:00 +0200;Plumridege;Céline;Female;18 - 30;4 Goodland Lane;396647;Yelan’;Monza-Brianza;6736890311;gplumridege20@soup.io;Non Consento;Consento;9dd25a5fd54d209d94f732c2ddb3894ecf6c7d03.jpg
2018-02-15 02:58:21 +0200;Helversen;Nadège;Male;< 18;91 Loftsgordon Crossing;6131;San Juan de Mata;Milano;9095871594;nhelversen21@lycos.com;Non Consento;Consento;46ebfc74fabebdbe218385f5239b7e6bec6c58b6.jpg
2018-05-23 18:20:43 +0200;Di Baudi;Illustrée;Female;18 - 30;887 Village Crossing;3543;Samuhú;Lecco;8338767438;fdibaudi22@t-online.de;Non Consento;Non Consento;f0b8df492c8f50ef20db53682196fb948a89a7c5.jpg
2017-11-14 05:01:42 +0200;Gherardini;Méryl;Female;> 70;89360 Ramsey Alley;;Leping;Milano;4788160444;cgherardini23@goo.gl;Non Consento;Consento;77b3d1b0b9f9206d8660450686db4db179e52288.jpg
2018-06-28 21:48:24 +0200;Redmille;Maëlann;Male;< 18;150 Prentice Avenue;8608;Santiago;Milano;5959365163;aredmille24@gov.uk;Consento;Consento;82f95b6fb8ec55fa9dd258675c1b2e78efcf22b4.jpg
2018-02-26 21:51:05 +0200;Roskelley;Dà;Male;< 18;03700 Corry Hill;;Tangnanzhen;Lecco;5061509592;nroskelley25@youtube.com;Non Consento;Non Consento;df4957f21ef5c358b9ef385a37dd2547e7a84bdc.jpg
2017-11-14 03:19:14 +0200;Ewings;Océane;Female;51 - 70;86 Golf View Alley;2519;Rimus;Milano;8631896621;gewings26@virginia.edu;Non Consento;Non Consento;58ebe7dd8109ae5d69f14ad6969d8d1b94f397f0.jpg
2018-01-29 09:03:10 +0200;Surgood;Noémie;Female;< 18;13 Namekagon Road;;Bolou;Lecco;3026986687;csurgood27@yahoo.co.jp;Consento;Non Consento;34270217f23466f128531d0b33ef6342ab7c6021.jpg
2018-06-18 22:35:13 +0200;Aaronsohn;Dù;Female;"";197 Prairie Rose Road;95319 CEDEX;Cergy-Pontoise;Milano;3946870775;daaronsohn28@mashable.com;Consento;Consento;356951b4f82913808fde426b3e6a17fdf4c41d3f.jpg
2018-03-04 00:02:00 +0200;Draye;Lèi;Female;31 - 50;4 Mcguire Court;;Jiujie;Milano;2642915318;bdraye29@economist.com;Non Consento;Non Consento;7b4d9fdfd89045ff555aa2cc7a1c4dc338452fd9.jpg
2017-10-14 03:02:53 +0200;Sancho;Yú;Male;"";6 Donald Drive;T8R;Morinville;Milano;6839492252;asancho2a@photobucket.com;Consento;Non Consento;a3da6c149f50c3b66d9a544f5162c3df5ee1df15.jpg
2018-06-26 19:26:17 +0200;Hembrow;Bérangère;Male;31 - 50;54801 Manitowish Place;742 83;Václavovice;Milano;7618432513;shembrow2b@csmonitor.com;Non Consento;Non Consento;91733aa74dbadf80cd4a3bea108d325f2a38986d.jpg
2017-10-05 14:45:12 +0200;Godlee;Ráo;Male;< 18;7 Arizona Alley;;Skhirat;Lecco;9208205706;mgodlee2c@globo.com;Consento;Non Consento;2cb8945d7bd9dd1c9cef40b20f103fa31f955986.jpg
2018-07-06 07:02:26 +0200;Roubert;Lén;Male;18 - 30;47 Lyons Court;;Vichadero;Monza-Brianza;7112802475;lroubert2d@ucla.edu;Consento;Consento;ab194db234288540a078213fc782440c697f1df5.jpg
2018-05-07 14:55:32 +0200;Matteoli;Régine;Male;18 - 30;8 3rd Pass;164020;Zarechnyy;Monza-Brianza;1474887803;fmatteoli2e@sfgate.com;Consento;Consento;b982b51cba46eb975bd9fc74f78d3978f8baf1d4.jpg
2018-03-09 02:10:21 +0200;Cecely;Erwéi;Male;18 - 30;19 Debs Terrace;14140-000;Cravinhos;Lecco;7412336502;scecely2f@sina.com.cn;Consento;Non Consento;78431b2201dfc604eabaed81177ba907615f0908.jpg
2018-02-25 14:16:03 +0200;Warrilow;Garçon;Female;51 - 70;04866 Quincy Point;;Wangzuo;Monza-Brianza;5778453152;ywarrilow2g@fotki.com;Consento;Consento;3381efc95dd4e97a0ef4957b21ed1b7dcce986a7.jpg
2018-03-31 21:59:44 +0200;Radolf;Personnalisée;Female;"";5337 Shelley Center;49232;Radoboj;Milano;7538411258;lradolf2h@ucoz.com;Consento;Consento;be86b237666a418c0cdb2bcedc14d6564f3793f0.jpg
2018-08-02 15:05:46 +0200;Baggaley;Joséphine;Male;< 18;5594 Mayfield Pass;6200-595;Teixoso;Lecco;2543576149;dbaggaley2i@posterous.com;Non Consento;Non Consento;d290f95abdb030af76ed1384a368bef46e2787c1.jpg
2017-12-12 13:27:55 +0200;Wrightham;Clémentine;Female;> 70;42 West Court;0403;Oslo;Lecco;9071496024;gwrightham2j@skyrock.com;Non Consento;Non Consento;0a1211886d01d6f03f6944147ff5d3b5aa15c593.jpg
2017-08-22 21:23:58 +0200;Shawyers;Véronique;Male;< 18;085 Badeau Plaza;;Pirot;Monza-Brianza;5913825122;hshawyers2k@51.la;Consento;Consento;b880c24f63cd3b27d1e6e8416b288d3128868183.jpg
2017-11-05 11:04:19 +0200;Kadar;Anaé;Female;51 - 70;63165 Welch Center;413244;Repnoye;Lecco;3345307783;bkadar2l@un.org;Non Consento;Non Consento;87c1ede30e66e8aab668c71017e9c337064f9819.jpg
2018-02-04 16:58:49 +0200;Lockhart;Dù;Female;> 70;3 Union Alley;;Babakanlapang;Milano;3758154748;rlockhart2m@tumblr.com;Non Consento;Consento;e2e19f58dc9408cb53b2b2630191c562e23b7a36.jpg
2018-07-08 09:01:36 +0200;Wandrich;Cléa;Female;< 18;2 Clemons Crossing;;Pedamaran;Milano;8607501733;pwandrich2n@gov.uk;Non Consento;Non Consento;803594d046248fccc211a913a0bf58f5c854689f.jpg
2017-10-30 15:38:00 +0200;Ingleson;Anaëlle;Male;51 - 70;81 Old Gate Drive;;Zhangjiang;Monza-Brianza;1735200975;cingleson2o@yandex.ru;Consento;Consento;8c6ffc40e25e62f71ec1a63e4c57a71c127755f8.jpg
2018-01-27 17:59:18 +0200;Calafate;Sòng;Male;< 18;9269 Hagan Point;;Guradog;Lecco;7146306652;jcalafate2p@linkedin.com;Non Consento;Consento;2a193fe894b59f549b189a964e9ca46f6f2c862a.jpg
2018-08-06 09:31:26 +0200;Slogrove;Anaïs;Male;51 - 70;94694 Victoria Court;;Pamotan;Monza-Brianza;7203379279;kslogrove2q@marketwatch.com;Consento;Non Consento;38f70497d898eb5af95bdeb4073faa97500da3ac.jpg
2017-11-23 11:53:51 +0200;Dell Casa;Fèi;Female;31 - 50;80576 Sullivan Alley;186755;Temizhbekskaya;Lecco;3144662038;sdellcasa2r@quantcast.com;Non Consento;Consento;985b632b4f434da7828dea95977a334162010a14.jpg
