MOME;COGNOME;DATA PRIMO ACCESSO;EMAIL;TELEFONO;RANGE ETA';SESSO;ACCESSO SOCIAL
Annotés;Haskur;07/07/2018;rhaskur0@thetimes.co.uk;7729479793;18 - 20;F;FACEBOOK
Mégane;Boog;01/07/2018;cboog1@1und1.de;3598450903;OVER 21;F;Linkedin
Gwenaëlle;Kensley;16/01/2018;jkensley2@house.gov;7621466723;18 - 20;F;FACEBOOK
Mén;Wibberley;03/11/2017;xwibberley3@networksolutions.com;3574776955;18 - 20;M;SMS
Frédérique;Licas;13/05/2018;clicas4@pcworld.com;2601444387;OVER 21;M;Twitter
Kévina;Blew;02/09/2017;lblew5@hhs.gov;3299648891;OVER 21;F;Google+
Léonie;Yanez;17/08/2017;cyanez6@imdb.com;1543695887;18 - 20;M;Linkedin
Andréanne;Weepers;23/04/2018;tweepers7@odnoklassniki.ru;5464645919;13 - 17;F;Google+
Pò;Stevens;20/12/2017;vstevens8@purevolume.com;1889482194;18 - 20;F;Twitter
Clémentine;Bocking;01/03/2018;kbocking9@irs.gov;2837511786;13 - 17;M;Linkedin
Esbjörn;Amyes;14/01/2018;eamyesa@etsy.com;1112281872;13 - 17;M;Twitter
Angèle;Guyan;17/04/2018;tguyanb@si.edu;4675387312;18 - 20;M;SMS
Méthode;Mularkey;06/12/2017;rmularkeyc@posterous.com;6173851155;OVER 21;F;Google+
Sélène;Gerrad;14/11/2017;zgerradd@slideshare.net;9228927160;OVER 21;M;Twitter
Dorothée;McKeown;07/07/2018;amckeowne@goo.gl;8498237637;OVER 21;M;Linkedin
Zoé;Cavaney;03/02/2018;pcavaneyf@yelp.com;6292657073;13 - 17;F;FACEBOOK
Eugénie;Binding;18/10/2017;abindingg@vistaprint.com;3789898681;13 - 17;M;SMS
Táng;Abbatt;26/06/2018;iabbatth@ameblo.jp;7876742765;13 - 17;F;FACEBOOK
Inès;McCleod;31/01/2018;ymccleodi@creativecommons.org;9792714238;18 - 20;F;Google+
Adèle;Spolton;07/05/2018;pspoltonj@slashdot.org;4821760576;13 - 17;F;SMS
Lài;Humblestone;09/04/2018;lhumblestonek@microsoft.com;4001683979;18 - 20;M;Linkedin
Maïlys;Tideswell;19/01/2018;otideswelll@dedecms.com;6909402798;OVER 21;F;Twitter
Lén;Durtnell;18/01/2018;adurtnellm@netscape.com;8486704095;13 - 17;M;FACEBOOK
Alizée;Bartlomieczak;30/04/2018;cbartlomieczakn@cloudflare.com;1927205662;13 - 17;F;Twitter
Märta;Pitcaithley;13/07/2018;apitcaithleyo@woothemes.com;3946226733;18 - 20;M;Linkedin
Léone;Rigler;18/06/2018;jriglerp@squidoo.com;3143675038;13 - 17;M;Linkedin
Aurélie;Udy;13/02/2018;mudyq@wiley.com;4882368262;OVER 21;F;FACEBOOK
Françoise;Adami;26/09/2017;zadamir@4shared.com;5398328580;18 - 20;F;SMS
Mégane;Goricke;08/04/2018;cgorickes@businessweek.com;7695253230;18 - 20;F;FACEBOOK
Dorothée;Simkin;19/03/2018;ssimkint@biglobe.ne.jp;2568652941;OVER 21;F;SMS
Hélèna;Michell;03/09/2017;gmichellu@myspace.com;3342688565;OVER 21;M;Twitter
Naéva;Leveret;20/02/2018;rleveretv@creativecommons.org;9778605581;OVER 21;F;SMS
Mélissandre;Gocher;29/06/2018;sgocherw@4shared.com;9177489417;13 - 17;M;Twitter
Hélèna;Groll;04/07/2018;lgrollx@seesaa.net;8257503148;18 - 20;F;Twitter
Salomé;Fowls;17/01/2018;cfowlsy@state.gov;5655607799;18 - 20;M;Linkedin
Åsa;Mumby;18/08/2017;amumbyz@bing.com;3147350644;13 - 17;M;SMS
Célestine;Thomelin;22/03/2018;fthomelin10@amazon.co.jp;6732134033;18 - 20;M;Google+
Garçon;Quodling;18/11/2017;aquodling11@un.org;9341265012;OVER 21;F;Google+
Vérane;Darnell;16/04/2018;rdarnell12@marketwatch.com;6538929738;18 - 20;F;SMS
Marie-thérèse;Boich;18/12/2017;lboich13@marketwatch.com;9014396350;13 - 17;M;Linkedin
Ophélie;Budleigh;04/06/2018;tbudleigh14@independent.co.uk;8587993221;13 - 17;F;Linkedin
Kuí;Davitt;30/01/2018;ddavitt15@paypal.com;5427801442;18 - 20;F;Google+
Pò;McCrae;12/07/2018;bmccrae16@sun.com;9621309277;OVER 21;M;Google+
Publicité;Alejandro;17/07/2018;malejandro17@stumbleupon.com;7594338152;13 - 17;F;Google+
Lài;Dedrick;10/03/2018;ededrick18@accuweather.com;8112518075;OVER 21;F;Twitter
Mén;Cholonin;31/03/2018;acholonin19@github.com;2844056653;18 - 20;F;Google+
Faîtes;Carless;21/10/2017;ccarless1a@japanpost.jp;1721175712;13 - 17;M;Linkedin
Agnès;Gergolet;27/07/2018;rgergolet1b@usa.gov;2868880623;OVER 21;F;Linkedin
Maéna;Egdale;29/05/2018;begdale1c@umn.edu;7406581017;18 - 20;M;Linkedin
Eliès;Glave;09/07/2018;wglave1d@ocn.ne.jp;2652515561;OVER 21;M;Google+
Yóu;Felce;30/10/2017;sfelce1e@netvibes.com;3736463154;18 - 20;F;Google+
Valérie;Ollivierre;09/03/2018;mollivierre1f@amazonaws.com;4514212548;OVER 21;F;SMS
Börje;Checchi;30/09/2017;gchecchi1g@huffingtonpost.com;9534030448;18 - 20;F;Linkedin
Yáo;Duckham;25/03/2018;hduckham1h@reference.com;3538229286;OVER 21;F;Linkedin
Célia;Dodd;20/11/2017;gdodd1i@paypal.com;2551798508;13 - 17;M;SMS
Océane;Trenholme;18/06/2018;etrenholme1j@tripod.com;1422478997;13 - 17;F;Google+
Björn;Wingatt;07/03/2018;ewingatt1k@wufoo.com;4677632589;OVER 21;M;Linkedin
Mélys;MacAiline;28/06/2018;cmacailine1l@e-recht24.de;7947313975;OVER 21;F;Twitter
Renée;Cona;30/01/2018;ccona1m@harvard.edu;7321949275;18 - 20;F;Google+
Marie-noël;Epple;13/03/2018;gepple1n@google.pl;3489582858;18 - 20;M;Twitter
Clélia;O'Connolly;09/05/2018;voconnolly1o@nsw.gov.au;5869481580;OVER 21;M;Linkedin
Lóng;Galtone;08/08/2018;agaltone1p@mlb.com;1491936030;OVER 21;F;Linkedin
Ophélie;Pendlebury;30/04/2018;jpendlebury1q@mashable.com;9924184677;18 - 20;M;Twitter
Kuí;Roycroft;13/04/2018;mroycroft1r@weebly.com;3318182430;18 - 20;F;Twitter
Laïla;Bauldry;01/06/2018;abauldry1s@360.cn;5552608099;18 - 20;M;SMS
Méthode;Paish;04/03/2018;epaish1t@addtoany.com;2813327019;13 - 17;F;SMS
Uò;Plaskitt;30/09/2017;vplaskitt1u@ebay.co.uk;8769684171;13 - 17;M;FACEBOOK
Danièle;Azemar;21/01/2018;mazemar1v@hao123.com;3995868474;13 - 17;F;SMS
Adélaïde;Antonetti;26/10/2017;bantonetti1w@furl.net;6304211708;OVER 21;M;SMS
Maëline;Burn;03/09/2017;jburn1x@networksolutions.com;7492716040;18 - 20;M;Google+
Cloé;Kitter;04/11/2017;skitter1y@yale.edu;7362741153;OVER 21;F;FACEBOOK
Léane;Speares;18/11/2017;sspeares1z@chronoengine.com;7282808597;13 - 17;F;FACEBOOK
Maëlys;Swinfen;15/01/2018;aswinfen20@merriam-webster.com;6864335737;13 - 17;M;Twitter
Dafnée;Elt;15/09/2017;celt21@whitehouse.gov;2905514240;OVER 21;F;Twitter
Pål;Aggiss;19/07/2018;paggiss22@123-reg.co.uk;9928017901;18 - 20;F;SMS
Lyséa;Matic;03/08/2018;amatic23@eventbrite.com;2621353716;13 - 17;F;SMS
Björn;Colvill;16/07/2018;acolvill24@who.int;7643730215;13 - 17;M;SMS
Kévina;Basill;09/02/2018;jbasill25@dagondesign.com;8202029857;OVER 21;M;Google+
Lauréna;Legendre;07/04/2018;clegendre26@istockphoto.com;2713736219;13 - 17;F;FACEBOOK
Anaël;Possa;02/05/2018;cpossa27@foxnews.com;3681242019;OVER 21;M;Twitter
Angélique;O'Leagham;02/06/2018;roleagham28@drupal.org;6648683456;OVER 21;M;Linkedin
Pò;Feldmesser;13/02/2018;cfeldmesser29@angelfire.com;2235687618;18 - 20;F;Linkedin
Illustrée;Gianneschi;15/08/2017;hgianneschi2a@google.co.jp;4037513106;OVER 21;M;Linkedin
Wá;Spadaro;11/08/2018;espadaro2b@archive.org;3388027775;OVER 21;M;Twitter
Fèi;Shakelade;01/11/2017;jshakelade2c@unblog.fr;3448054850;OVER 21;M;Linkedin
Mén;De Michetti;15/03/2018;sdemichetti2d@google.com.hk;5309051463;OVER 21;F;SMS
Maëlann;Robinette;04/09/2017;rrobinette2e@usda.gov;6059849103;18 - 20;F;Google+
Méryl;Chessel;10/02/2018;achessel2f@deliciousdays.com;4968063533;OVER 21;M;SMS
Sélène;Rozenzweig;24/08/2017;frozenzweig2g@narod.ru;1061998399;18 - 20;M;FACEBOOK
Célia;Moston;28/07/2018;amoston2h@admin.ch;9976641848;18 - 20;F;Linkedin
Illustrée;Haworth;30/09/2017;shaworth2i@craigslist.org;4402790239;OVER 21;M;Twitter
Séréna;Roffe;22/12/2017;mroffe2j@omniture.com;6346687097;OVER 21;M;SMS
Mahélie;Whye;27/05/2018;swhye2k@psu.edu;8887192806;OVER 21;F;FACEBOOK
Loïc;Linkin;11/01/2018;alinkin2l@a8.net;9071016304;OVER 21;M;Linkedin
Uò;Cobbin;21/08/2017;ecobbin2m@thetimes.co.uk;9976345752;OVER 21;M;SMS
Hélèna;Tolliday;27/03/2018;rtolliday2n@biblegateway.com;1379365256;OVER 21;F;Google+
Séverine;Stronack;11/01/2018;bstronack2o@auda.org.au;9854924104;OVER 21;M;Twitter
Michèle;Scramage;03/08/2018;lscramage2p@mapy.cz;8732658841;OVER 21;F;Google+
Cécile;Curlis;04/08/2018;ccurlis2q@washington.edu;2701859711;18 - 20;F;Google+
Tú;Yeowell;15/06/2018;tyeowell2r@google.it;8845432286;18 - 20;M;Google+
