auth_method;social_action;created_at;user_first_name;user_last_name;user_picture;user_gender;user_email;user_phone;user_birthday;user_location_city;user_location_country;user_auth_method;user_auth_user_id;user_original_mac_address;user_registered_at;user_last_login
live;;2018-08-22T07:13:08.000Z;Aí;McKellar;https://graph.facebook.com/235720116914098/picture;Male;smckellar0@1und1.de;;3/5/1976;Cikotok;Indonesia;live;11;;2016-11-15T12:10:27.000Z;2017-05-23T03:55:26.000Z
instagram;error: Illegal quoting in line 1.;2018-08-06T23:20:09.000Z;Zoé;Portingale;https://graph.facebook.com/302419766083227/picture;Male;dportingale1@cnet.com;;11/3/1987;Baghdad;Iraq;sms;54;35:86:36:63:91:E2;2016-12-09T08:53:36.000Z;2017-11-21T20:54:17.000Z
facebook;;2018-08-01T13:49:02.000Z;Méghane;Blissett;https://graph.facebook.com/884963555553576/picture;Male;rblissett2@tamu.edu;;2/18/1982;Boroon;Philippines;facebook;28;;2015-12-03T18:38:06.000Z;2017-02-03T01:17:13.000Z
sms;;2018-08-03T04:04:16.000Z;Estée;Matteini;https://graph.facebook.com/433974162269071/picture;Female;rmatteini3@last.fm;;5/16/2004;Det Udom;Thailand;live;4;;2017-03-06T14:52:13.000Z;2017-09-21T19:15:31.000Z
sms;error: Illegal quoting in line 1.;2018-08-04T15:25:52.000Z;Annotés;Schulken;https://graph.facebook.com/857409615810960/picture;Female;vschulken4@paginegialle.it;;5/8/1976;Quivilla;Peru;facebook;33;18:8F:34:B3:2A:57;2016-05-07T16:27:06.000Z;2018-04-03T18:55:01.000Z
google;;2018-08-09T16:10:56.000Z;Adèle;Pritchard;https://graph.facebook.com/239075153786498/picture;Male;dpritchard5@unc.edu;;4/11/2000;Lidingö;Sweden;sms;84;;2016-06-05T03:13:37.000Z;2017-05-17T07:38:08.000Z
instagram;;2018-08-14T04:51:58.000Z;Wá;Leedal;https://graph.facebook.com/719460226559779/picture;Female;kleedal6@hp.com;;6/16/1995;Huicungo;Peru;live;8;;2015-12-30T14:20:13.000Z;2018-01-15T11:16:39.000Z
twitter;;2018-08-17T18:20:37.000Z;Aí;Davids;https://graph.facebook.com/898156564907162/picture;Female;ldavids7@sakura.ne.jp;;10/8/2004;Sindangkopo;Indonesia;twitter;14;;2016-07-24T23:12:29.000Z;2018-06-07T20:30:41.000Z
google;error: Illegal quoting in line 1.;2018-08-21T01:07:39.000Z;Danièle;Casperri;https://graph.facebook.com/624058129779622/picture;Male;mcasperri8@fastcompany.com;;12/4/2002;Kosamphi Nakhon;Thailand;instagram;73;D3:99:82:9C:07:E1;2016-03-08T01:44:06.000Z;2017-07-14T23:54:24.000Z
linkedin;;2018-08-04T15:59:47.000Z;Inès;Kenrick;https://graph.facebook.com/945056291816177/picture;Female;pkenrick9@seattletimes.com;;10/5/1990;El Paraiso;Mexico;linkedin;51;;2015-12-23T09:57:21.000Z;2018-01-27T18:29:30.000Z
twitter;;2018-08-16T12:04:13.000Z;Dorothée;Wildbore;https://graph.facebook.com/251853456342930/picture;Female;swildborea@google.com.hk;;11/11/1984;Świecie;Poland;google;75;;2016-03-24T18:30:48.000Z;2017-07-14T22:44:53.000Z
live;error: Illegal quoting in line 1.;2018-08-04T20:09:26.000Z;Lén;Shenfish;https://graph.facebook.com/365971041855292/picture;Male;pshenfishb@histats.com;;10/23/1991;Sysert’;Russia;live;9;46:E6:91:2A:41:65;2017-05-18T05:39:58.000Z;2018-05-07T01:27:10.000Z
linkedin;;2018-08-08T01:24:53.000Z;Réservés;Michiel;https://graph.facebook.com/569069593342038/picture;Male;cmichielc@wordpress.com;;6/6/1977;Wengaingo;Indonesia;instagram;26;;2016-09-27T04:30:43.000Z;2017-12-26T23:05:15.000Z
sms;;2018-08-10T17:16:58.000Z;Michèle;Reinisch;https://graph.facebook.com/581302970921922/picture;Male;wreinischd@nydailynews.com;;9/16/1993;Trai Ngau;Vietnam;google;57;;2016-02-23T10:13:10.000Z;2017-03-17T17:52:56.000Z
sms;;2018-08-12T10:38:56.000Z;Naëlle;Camois;https://graph.facebook.com/800324465194660/picture;Male;scamoise@state.tx.us;;9/7/1996;'Ali Sabieh;Djibouti;sms;62;;2016-12-05T14:20:56.000Z;2017-08-19T14:19:14.000Z
twitter;error: Illegal quoting in line 1.;2018-08-10T19:33:47.000Z;Eliès;Ainge;https://graph.facebook.com/966813191419565/picture;Female;zaingef@about.com;;5/26/1980;Qaxbaş;Azerbaijan;live;91;94:75:F6:18:86:6F;2015-08-25T17:43:35.000Z;2017-07-10T02:51:07.000Z
google;;2018-08-19T22:41:57.000Z;André;Ionesco;https://graph.facebook.com/464215650366851/picture;Female;mionescog@hud.gov;;6/17/1994;Huogezhuang;China;sms;37;;2015-09-07T19:16:57.000Z;2017-01-18T13:08:57.000Z
instagram;error: Illegal quoting in line 1.;2018-08-15T18:39:52.000Z;Märta;Gandrich;https://graph.facebook.com/628683048259194/picture;Male;igandrichh@imageshack.us;;1/30/1990;Pelem;Indonesia;google;39;93:06:0B:AB:B6:D8;2016-12-23T17:58:26.000Z;2017-02-18T22:06:13.000Z
twitter;;2018-08-07T16:57:03.000Z;Anaïs;Scotchmor;https://graph.facebook.com/289915837630389/picture;Male;pscotchmori@typepad.com;;3/7/1983;Krapina;Croatia;sms;62;;2016-06-25T05:03:15.000Z;2017-12-06T12:18:16.000Z
instagram;;2018-08-20T23:29:06.000Z;Gérald;Roma;https://graph.facebook.com/414810578378207/picture;Male;rromaj@toplist.cz;;7/26/1973;Mairinque;Brazil;instagram;53;;2017-04-11T23:08:25.000Z;2017-07-28T16:42:25.000Z
twitter;;2018-08-13T05:01:30.000Z;Ráo;Georghiou;https://graph.facebook.com/529379891587735/picture;Male;bgeorghiouk@xrea.com;;5/19/1991;São Luís;Brazil;facebook;43;;2017-01-31T10:19:49.000Z;2017-01-11T18:41:56.000Z
instagram;;2018-08-07T08:18:08.000Z;André;Gillbee;https://graph.facebook.com/510038703675824/picture;Female;ggillbeel@instagram.com;;12/25/1983;Xiangjiazhai;China;linkedin;27;;2016-09-14T03:59:40.000Z;2017-05-13T05:04:52.000Z
linkedin;;2018-08-20T19:27:35.000Z;Jú;Pixton;https://graph.facebook.com/598072367904410/picture;Female;opixtonm@opensource.org;;3/7/1978;Al Baqāliţah;Tunisia;facebook;36;;2015-11-27T14:37:27.000Z;2017-01-25T08:48:58.000Z
instagram;;2018-08-12T19:51:39.000Z;Océanne;Fritschel;https://graph.facebook.com/836050395083275/picture;Male;ffritscheln@abc.net.au;;1/18/1987;Santa Paz;Philippines;instagram;15;;2016-11-12T22:34:51.000Z;2017-11-04T08:45:25.000Z
sms;;2018-08-08T22:32:30.000Z;Marie-hélène;De Morena;https://graph.facebook.com/753919539295855/picture;Male;ademorenao@sakura.ne.jp;;2/1/1976;Berlin;Germany;instagram;90;;2017-08-19T07:04:22.000Z;2017-03-13T14:51:05.000Z
twitter;;2018-08-21T08:53:57.000Z;Laurélie;Britten;https://graph.facebook.com/450106575434506/picture;Female;bbrittenp@bloomberg.com;;3/5/1973;Talca;Chile;facebook;7;;2016-06-16T03:06:30.000Z;2018-06-15T20:40:35.000Z
twitter;error: Illegal quoting in line 1.;2018-08-02T15:17:52.000Z;Andréanne;Pauleit;https://graph.facebook.com/633609643605541/picture;Female;cpauleitq@weather.com;;11/26/1998;Mengxingzhuang;China;instagram;84;8D:7A:47:09:55:80;2017-01-07T11:53:06.000Z;2017-10-06T11:09:14.000Z
live;;2018-08-05T03:04:34.000Z;Maëline;Brunsen;https://graph.facebook.com/968383649508153/picture;Male;kbrunsenr@github.io;;12/4/1998;Helsingborg;Sweden;instagram;76;;2015-12-22T05:41:36.000Z;2018-01-08T19:04:15.000Z
linkedin;;2018-08-22T11:50:02.000Z;André;Alsford;https://graph.facebook.com/316233860247702/picture;Male;calsfords@census.gov;;4/6/1988;Fougamou;Gabon;sms;66;;2015-10-02T20:20:33.000Z;2017-09-17T12:16:07.000Z
sms;;2018-08-03T15:07:35.000Z;Amélie;Terren;https://graph.facebook.com/247996205968683/picture;Female;bterrent@webnode.com;;4/4/1976;Lurugan;Philippines;google;36;;2017-05-23T22:07:49.000Z;2017-02-16T14:41:18.000Z
instagram;error: Illegal quoting in line 1.;2018-08-09T10:08:31.000Z;Angélique;Grummitt;https://graph.facebook.com/887802549229423/picture;Male;mgrummittu@ft.com;;4/1/2001;Maketu;New Zealand;twitter;5;A3:A2:75:48:AE:50;2016-02-05T19:05:01.000Z;2017-11-29T00:42:08.000Z
facebook;;2018-08-02T19:48:59.000Z;Fèi;Hakewell;https://graph.facebook.com/668699067370003/picture;Female;ahakewellv@upenn.edu;;6/9/1990;Shuangshan;China;google;37;;2017-01-29T16:15:10.000Z;2017-10-09T14:30:43.000Z
live;;2018-08-05T17:59:59.000Z;Wá;Wallen;https://graph.facebook.com/752960596000465/picture;Male;mwallenw@independent.co.uk;;7/19/1974;Baiguan;China;twitter;70;;2016-12-10T07:04:31.000Z;2018-02-06T08:43:01.000Z
live;;2018-08-03T00:22:23.000Z;Sòng;Wedon;https://graph.facebook.com/986773954698931/picture;Male;mwedonx@mozilla.org;;6/6/1984;Sartrouville;France;sms;60;;2017-02-28T02:28:05.000Z;2017-05-16T18:24:49.000Z
sms;;2018-08-19T12:10:18.000Z;Garçon;Jonsson;https://graph.facebook.com/221535426716427/picture;Female;njonssony@diigo.com;;1/9/1972;Jeffrey’s Bay;South Africa;linkedin;57;;2015-11-25T23:19:29.000Z;2017-10-17T01:51:29.000Z
instagram;;2018-08-14T06:23:26.000Z;Lauréna;Coventon;https://graph.facebook.com/382785551335152/picture;Female;tcoventonz@geocities.jp;;7/26/1995;Corona;United States;twitter;47;;2017-03-30T16:01:44.000Z;2017-03-06T05:02:41.000Z
live;;2018-08-16T16:18:19.000Z;Maëline;Roskam;https://graph.facebook.com/520602965504790/picture;Female;froskam10@moonfruit.com;;8/8/1979;Iţsā;Egypt;linkedin;51;;2017-01-15T07:53:29.000Z;2017-02-12T23:36:40.000Z
instagram;error: Illegal quoting in line 1.;2018-08-17T16:41:24.000Z;Märta;Grealey;https://graph.facebook.com/448065977142099/picture;Male;fgrealey11@scribd.com;;2/3/1973;Sindangsuka;Indonesia;twitter;21;FF:2B:F0:AF:B4:4D;2015-09-28T09:09:38.000Z;2017-01-01T01:05:52.000Z
twitter;;2018-08-01T20:56:50.000Z;Mélina;Dikle;https://graph.facebook.com/732884190634360/picture;Male;ldikle12@google.it;;10/14/1975;Aral;Kazakhstan;sms;56;;2016-03-01T14:27:36.000Z;2017-03-02T17:23:32.000Z
google;;2018-08-15T23:47:42.000Z;Cunégonde;Lorryman;https://graph.facebook.com/802427918796851/picture;Male;slorryman13@tiny.cc;;5/13/1995;Saint-Jouan-des-Guérets;France;twitter;87;;2016-11-23T07:54:50.000Z;2017-12-26T04:33:19.000Z
live;;2018-08-06T06:40:05.000Z;Lauréna;Rustich;https://graph.facebook.com/985963527474556/picture;Male;nrustich14@w3.org;;9/30/1997;Karafao;Indonesia;live;12;;2017-03-01T01:18:29.000Z;2017-05-23T08:20:05.000Z
twitter;;2018-08-04T03:47:55.000Z;Yè;Dirand;https://graph.facebook.com/709908646987515/picture;Male;adirand15@soup.io;;1/30/1983;Xiangtang;China;live;59;;2016-04-24T07:20:43.000Z;2017-03-28T21:05:49.000Z
google;;2018-08-12T12:38:14.000Z;Lóng;Huban;https://graph.facebook.com/231708087926291/picture;Male;shuban16@opensource.org;;9/14/2004;Semampir;Indonesia;facebook;85;;2016-09-08T01:44:28.000Z;2018-06-23T02:34:15.000Z
linkedin;;2018-08-09T03:37:26.000Z;Méline;Tease;https://graph.facebook.com/715917652204023/picture;Male;ltease17@jimdo.com;;1/8/1977;Wilanagara;Indonesia;instagram;88;;2017-01-05T15:23:33.000Z;2017-08-27T03:48:59.000Z
twitter;;2018-08-09T22:06:48.000Z;Publicité;Dubois;https://graph.facebook.com/405228777326891/picture;Female;ldubois18@businesswire.com;;10/17/1989;Hetou;China;facebook;93;;2016-03-20T19:07:17.000Z;2017-09-18T03:47:09.000Z
instagram;;2018-08-08T19:28:18.000Z;Bérangère;Hradsky;https://graph.facebook.com/407679946341165/picture;Female;chradsky19@a8.net;;8/14/1996;Hufang;China;live;37;;2017-04-14T11:33:15.000Z;2018-04-12T16:36:45.000Z
google;;2018-08-04T05:23:07.000Z;Amélie;Gouda;https://graph.facebook.com/953078218325446/picture;Male;tgouda1a@networksolutions.com;;1/27/1974;Tebara;Indonesia;facebook;36;;2017-04-03T17:07:07.000Z;2017-01-28T13:54:53.000Z
facebook;;2018-08-05T07:28:12.000Z;Mélodie;Reasce;https://graph.facebook.com/312794782943508/picture;Female;lreasce1b@fc2.com;;5/4/1972;Arrabal;Portugal;live;40;;2015-10-21T17:29:50.000Z;2017-12-24T06:41:01.000Z
sms;error: Illegal quoting in line 1.;2018-08-05T03:43:22.000Z;Andrée;Snowden;https://graph.facebook.com/657320745986807/picture;Female;csnowden1c@myspace.com;;3/4/1989;Bahay Pare;Philippines;instagram;17;B0:CE:57:66:ED:37;2016-05-17T14:59:51.000Z;2017-10-15T23:30:31.000Z
live;;2018-08-18T03:29:48.000Z;Mà;Naseby;https://graph.facebook.com/596397794248926/picture;Female;mnaseby1d@apple.com;;6/8/1989;Shakīso;Ethiopia;live;13;;2016-05-09T16:51:19.000Z;2017-12-21T13:23:29.000Z
linkedin;;2018-08-12T10:01:51.000Z;Andréa;Doucette;https://graph.facebook.com/791257967385890/picture;Female;jdoucette1e@huffingtonpost.com;;10/8/2002;Hushi;China;linkedin;66;;2016-10-13T23:56:55.000Z;2017-03-10T22:01:14.000Z
google;;2018-08-11T09:42:10.000Z;Håkan;Glide;https://graph.facebook.com/292821947315010/picture;Female;tglide1f@artisteer.com;;11/18/2002;Orly;France;sms;99;;2016-09-08T02:32:20.000Z;2018-02-25T05:32:09.000Z
linkedin;;2018-08-06T08:14:22.000Z;Andréanne;Sabatini;https://graph.facebook.com/352918727883158/picture;Female;gsabatini1g@state.tx.us;;9/3/1973;Upi;Philippines;facebook;94;;2015-09-23T10:52:48.000Z;2017-07-12T06:24:26.000Z
google;error: Illegal quoting in line 1.;2018-08-20T12:25:06.000Z;Véronique;Lusted;https://graph.facebook.com/453058220225994/picture;Male;mlusted1h@ucsd.edu;;2/19/1982;Miaoxi;China;instagram;7;87:CB:1D:13:B6:50;2016-01-02T20:32:29.000Z;2017-11-08T13:15:59.000Z
live;;2018-08-11T19:46:56.000Z;Mégane;MacSwayde;https://graph.facebook.com/409747889012663/picture;Male;smacswayde1i@surveymonkey.com;;11/22/1978;Alvide;Portugal;facebook;50;;2015-11-29T14:42:42.000Z;2017-06-08T08:05:35.000Z
facebook;error: Illegal quoting in line 1.;2018-08-17T21:14:28.000Z;Clémentine;Lindsay;https://graph.facebook.com/894212712179827/picture;Female;rlindsay1j@reddit.com;;6/1/2002;La Ceja;Colombia;sms;5;46:B7:F2:35:44:4F;2016-11-08T11:34:45.000Z;2018-04-09T18:50:53.000Z
instagram;;2018-08-07T06:47:39.000Z;Thérèse;Ivankovic;https://graph.facebook.com/355373194078684/picture;Male;aivankovic1k@opera.com;;4/11/1994;Kaom;Indonesia;sms;90;;2017-08-15T07:53:53.000Z;2017-10-29T06:19:14.000Z
live;;2018-08-03T22:01:19.000Z;Néhémie;Bizzey;https://graph.facebook.com/517468826640758/picture;Male;bbizzey1l@princeton.edu;;3/15/2004;Sambong;Indonesia;live;39;;2016-09-13T22:27:27.000Z;2018-06-27T21:43:15.000Z
sms;;2018-08-15T15:17:06.000Z;Sòng;Pember;https://graph.facebook.com/230570905677023/picture;Female;npember1m@goo.ne.jp;;12/14/1989;Melchor de Mencos;Guatemala;linkedin;33;;2016-02-28T17:37:00.000Z;2017-03-31T12:07:12.000Z
google;;2018-08-11T03:23:06.000Z;Gwenaëlle;Fayerman;https://graph.facebook.com/878875532576467/picture;Male;dfayerman1n@ox.ac.uk;;9/13/1981;Baton Rouge;United States;google;90;;2016-11-02T21:36:40.000Z;2018-05-27T06:27:00.000Z
twitter;;2018-08-16T14:36:20.000Z;Méghane;Blant;https://graph.facebook.com/964600988824367/picture;Male;tblant1o@amazonaws.com;;8/20/2001;Karangbenda;Indonesia;live;77;;2016-09-27T06:44:37.000Z;2017-03-14T12:05:42.000Z
twitter;error: Illegal quoting in line 1.;2018-08-13T00:36:41.000Z;Börje;Soots;https://graph.facebook.com/654077948426571/picture;Female;msoots1p@ebay.co.uk;;3/1/1989;Naryn;Kyrgyzstan;twitter;23;EA:30:D8:E5:C1:55;2017-08-15T15:16:21.000Z;2017-10-15T04:26:06.000Z
linkedin;;2018-08-15T22:15:59.000Z;Cécilia;Westraw;https://graph.facebook.com/887333613360568/picture;Male;dwestraw1q@tamu.edu;;8/20/2004;Bei’an;China;instagram;17;;2016-01-25T18:49:54.000Z;2018-06-25T06:52:11.000Z
facebook;error: Illegal quoting in line 1.;2018-08-13T15:48:28.000Z;Åslög;Dionsetti;https://graph.facebook.com/716148406168522/picture;Female;edionsetti1r@merriam-webster.com;;1/13/1972;Helsingborg;Sweden;instagram;50;59:58:15:A3:76:F4;2016-12-17T18:53:45.000Z;2017-05-26T07:14:01.000Z
twitter;error: Illegal quoting in line 1.;2018-08-08T18:51:45.000Z;Méthode;Symes;https://graph.facebook.com/989724159957331/picture;Female;bsymes1s@hc360.com;;3/29/1979;Vilya;Russia;sms;12;80:B3:85:61:BF:01;2015-10-13T04:15:39.000Z;2017-01-19T18:03:07.000Z
sms;;2018-08-19T01:39:05.000Z;Léandre;Colomb;https://graph.facebook.com/486865901704750/picture;Female;fcolomb1t@drupal.org;;8/21/1976;Delft;Netherlands;facebook;38;;2016-01-25T10:50:50.000Z;2017-10-20T10:36:16.000Z
google;error: Illegal quoting in line 1.;2018-08-16T17:52:47.000Z;Hélèna;Wippermann;https://graph.facebook.com/686767690295589/picture;Male;wwippermann1u@meetup.com;;2/6/1971;Huxi;China;sms;75;2E:EE:AF:45:E5:0B;2017-04-13T00:35:11.000Z;2017-03-24T08:36:14.000Z
sms;;2018-08-05T06:39:35.000Z;Célestine;Pycock;https://graph.facebook.com/696641746117784/picture;Male;rpycock1v@digg.com;;7/9/2000;Maganha;Portugal;linkedin;83;;2016-07-03T16:32:38.000Z;2018-01-11T20:53:07.000Z
live;error: Illegal quoting in line 1.;2018-08-02T22:59:30.000Z;Andréanne;Josefer;https://graph.facebook.com/351461240375962/picture;Female;cjosefer1w@phpbb.com;;9/3/2002;Apuri;Indonesia;instagram;3;F4:D1:12:D5:0E:86;2017-01-03T13:33:06.000Z;2017-07-16T15:42:54.000Z
facebook;;2018-08-21T00:37:03.000Z;Liè;Geffen;https://graph.facebook.com/840521697799610/picture;Male;kgeffen1x@purevolume.com;;4/3/2004;Gelemso;Ethiopia;twitter;80;;2016-08-22T11:06:03.000Z;2017-01-26T13:52:42.000Z
instagram;error: Illegal quoting in line 1.;2018-08-19T09:38:03.000Z;Pénélope;MacCracken;https://graph.facebook.com/680231144959407/picture;Female;kmaccracken1y@cocolog-nifty.com;;4/7/1988;Smiltene;Latvia;sms;9;1E:89:26:76:6A:46;2017-02-26T09:38:03.000Z;2017-12-30T06:15:30.000Z
live;;2018-08-01T08:48:11.000Z;Kévina;Warin;https://graph.facebook.com/790472595687390/picture;Male;mwarin1z@earthlink.net;;1/18/2004;Naranjos;Peru;twitter;37;;2016-10-21T13:29:55.000Z;2017-03-21T04:30:15.000Z
sms;;2018-08-11T22:48:34.000Z;Eléa;Daubeny;https://graph.facebook.com/276952166496338/picture;Male;vdaubeny20@feedburner.com;;9/29/1987;San Pedro;Bolivia;twitter;64;;2016-06-02T02:24:30.000Z;2018-06-06T19:25:43.000Z
instagram;;2018-08-10T17:37:52.000Z;Marie-noël;Cortnay;https://graph.facebook.com/667364123278230/picture;Male;ccortnay21@sourceforge.net;;12/3/1973;Bolilao;Philippines;twitter;59;;2016-11-10T04:30:04.000Z;2017-06-21T08:28:30.000Z
linkedin;;2018-08-02T16:04:10.000Z;Andrée;Gilffillan;https://graph.facebook.com/612892936335399/picture;Male;wgilffillan22@paypal.com;;10/28/1987;Tetaf;Indonesia;linkedin;69;;2016-10-01T18:32:36.000Z;2017-07-16T08:11:31.000Z
live;;2018-08-09T14:27:01.000Z;Örjan;Di Dello;https://graph.facebook.com/853920035437700/picture;Male;adidello23@list-manage.com;;11/13/1991;Ferraz de Vasconcelos;Brazil;google;58;;2016-10-06T18:47:58.000Z;2017-11-06T10:22:08.000Z
live;error: Illegal quoting in line 1.;2018-08-06T19:03:41.000Z;Mélodie;Hudless;https://graph.facebook.com/315968818722050/picture;Female;thudless24@cnet.com;;12/22/1979;Matozinhos;Brazil;twitter;38;6B:9D:A3:E9:57:48;2017-03-26T15:56:06.000Z;2017-09-13T13:23:45.000Z
live;error: Illegal quoting in line 1.;2018-08-19T22:41:32.000Z;Célestine;Mongeot;https://graph.facebook.com/612981337583856/picture;Male;amongeot25@wsj.com;;10/1/1973;Kohtla-Järve;Estonia;sms;22;3C:C9:2A:9A:4A:0E;2017-05-07T21:52:25.000Z;2018-06-15T23:30:02.000Z
twitter;;2018-08-03T23:00:51.000Z;Marie-françoise;Covendon;https://graph.facebook.com/513704670782886/picture;Female;bcovendon26@google.pl;;6/18/1978;Qianshan;China;sms;66;;2016-04-08T19:01:47.000Z;2017-05-24T17:09:29.000Z
facebook;;2018-08-01T19:11:35.000Z;Dorothée;Domleo;https://graph.facebook.com/977011190844962/picture;Male;ldomleo27@jimdo.com;;9/7/1981;Capalayan;Philippines;linkedin;95;;2017-08-13T12:38:39.000Z;2017-03-13T04:41:28.000Z
google;;2018-08-21T02:53:52.000Z;Dorothée;Rendbaek;https://graph.facebook.com/826026830282279/picture;Female;irendbaek28@wp.com;;4/15/1995;Zhovti Vody;Ukraine;instagram;15;;2016-11-22T21:47:23.000Z;2017-03-28T20:16:06.000Z
twitter;error: Illegal quoting in line 1.;2018-08-18T17:12:25.000Z;Ráo;Tredger;https://graph.facebook.com/450531443341128/picture;Male;etredger29@businessweek.com;;8/25/2000;Suizhou;China;instagram;6;D6:A0:76:48:0A:96;2017-05-02T19:03:39.000Z;2017-01-27T00:05:02.000Z
twitter;;2018-08-22T19:10:27.000Z;Josée;Boardman;https://graph.facebook.com/335263717083590/picture;Female;sboardman2a@timesonline.co.uk;;12/2/1975;Perehonivka;Ukraine;google;29;;2016-03-28T03:28:01.000Z;2017-10-24T09:51:42.000Z
google;error: Illegal quoting in line 1.;2018-08-10T05:41:51.000Z;Chloé;Gonneau;https://graph.facebook.com/505821512307707/picture;Male;mgonneau2b@pinterest.com;;7/4/1992;Nidek;Poland;google;8;4B:B1:3E:17:B6:83;2015-09-04T07:39:47.000Z;2018-01-30T04:25:04.000Z
google;;2018-08-07T15:26:22.000Z;Céline;Weson;https://graph.facebook.com/914684652246906/picture;Female;jweson2c@about.me;;3/1/1980;Lampari;Philippines;twitter;58;;2015-12-15T19:33:23.000Z;2017-04-08T14:43:40.000Z
twitter;;2018-08-06T08:48:03.000Z;Görel;Roddy;https://graph.facebook.com/570623719067179/picture;Male;troddy2d@buzzfeed.com;;11/28/1991;Bentar Girang;Indonesia;google;33;;2016-07-02T17:58:21.000Z;2017-06-20T21:09:36.000Z
sms;error: Illegal quoting in line 1.;2018-08-16T19:06:58.000Z;Méng;McKniely;https://graph.facebook.com/944754879862489/picture;Female;amckniely2e@cnbc.com;;9/24/1981;Bom Jesus dos Perdões;Brazil;linkedin;96;35:2B:71:2B:2A:34;2016-04-23T05:39:31.000Z;2018-01-30T08:05:16.000Z
twitter;error: Illegal quoting in line 1.;2018-08-07T13:31:30.000Z;Åslög;Astlatt;https://graph.facebook.com/894508026096383/picture;Male;castlatt2f@desdev.cn;;2/11/1983;Shuanglongchang;China;google;95;21:24:7F:27:C3:47;2016-11-20T05:34:30.000Z;2018-05-24T04:39:19.000Z
instagram;;2018-08-22T05:03:29.000Z;Médiamass;Gwynne;https://graph.facebook.com/961544873216591/picture;Male;jgwynne2g@blog.com;;11/14/1978;Bopu;China;live;26;;2017-08-13T07:17:24.000Z;2017-04-26T07:08:02.000Z
sms;;2018-08-14T04:31:37.000Z;Salomé;Hullin;https://graph.facebook.com/267406594430535/picture;Male;shullin2h@springer.com;;4/10/1992;Guintubhan;Philippines;facebook;37;;2017-08-20T12:02:30.000Z;2017-02-17T09:12:33.000Z
twitter;error: Illegal quoting in line 1.;2018-08-04T18:04:03.000Z;Illustrée;Slegg;https://graph.facebook.com/529388524232241/picture;Male;pslegg2i@tmall.com;;2/23/2001;Borek;Czech Republic;sms;76;B8:C0:7C:40:B0:ED;2016-09-30T02:26:47.000Z;2017-02-01T02:31:57.000Z
sms;;2018-08-04T01:43:59.000Z;Maï;Vearncombe;https://graph.facebook.com/779721280452140/picture;Male;avearncombe2j@reuters.com;;2/2/1992;Krajan Satu;Indonesia;instagram;7;;2016-03-06T01:22:18.000Z;2017-05-17T14:41:46.000Z
google;;2018-08-22T02:24:23.000Z;Lóng;Hirche;https://graph.facebook.com/329760449502984/picture;Male;rhirche2k@engadget.com;;3/27/1979;Tasikmalaya;Indonesia;facebook;5;;2017-03-08T11:06:33.000Z;2017-08-23T17:51:53.000Z
sms;;2018-08-01T21:18:56.000Z;Valérie;McLugaish;https://graph.facebook.com/450745995331174/picture;Female;rmclugaish2l@mayoclinic.com;;11/13/1977;Puerto Quellón;Chile;instagram;4;;2016-05-20T20:00:45.000Z;2018-01-12T18:19:38.000Z
facebook;error: Illegal quoting in line 1.;2018-08-16T04:01:33.000Z;Aurélie;Ivison;https://graph.facebook.com/644807841482966/picture;Female;kivison2m@cbsnews.com;;8/11/1974;Livramento do Brumado;Brazil;live;17;46:F6:32:F6:DF:88;2016-06-17T11:25:39.000Z;2017-04-26T15:13:16.000Z
linkedin;error: Illegal quoting in line 1.;2018-08-10T17:15:31.000Z;Réjane;Tunnicliff;https://graph.facebook.com/675766572385202/picture;Male;mtunnicliff2n@pagesperso-orange.fr;;8/6/1981;Bahay Pare;Philippines;twitter;49;54:50:5A:67:6A:2A;2016-09-01T21:06:17.000Z;2018-03-21T05:27:01.000Z
facebook;;2018-08-14T02:57:58.000Z;Clémence;Gravie;https://graph.facebook.com/344813253127514/picture;Female;egravie2o@stumbleupon.com;;6/28/1989;Licupis;Peru;facebook;19;;2017-03-05T10:06:16.000Z;2017-12-31T05:30:08.000Z
instagram;error: Illegal quoting in line 1.;2018-08-07T20:27:05.000Z;Erwéi;Sauvain;https://graph.facebook.com/759125756657964/picture;Male;tsauvain2p@etsy.com;;8/23/1982;Baipenzhu;China;google;62;56:1D:DD:7C:6F:CF;2017-03-26T02:46:04.000Z;2018-06-01T07:58:06.000Z
google;;2018-08-18T03:01:07.000Z;Publicité;Taunton;https://graph.facebook.com/472872141575080/picture;Male;btaunton2q@tumblr.com;;1/26/1979;Udachny;Russia;twitter;2;;2015-11-26T15:28:50.000Z;2017-05-14T17:25:01.000Z
sms;;2018-08-22T14:43:16.000Z;Laurélie;Swetmore;https://graph.facebook.com/778241515714334/picture;Male;bswetmore2r@answers.com;;2/10/1992;Oenaik;Indonesia;google;28;;2015-10-30T01:22:22.000Z;2018-05-25T10:11:48.000Z
